Workbook

Sheet Vendor Data
A1: Vendor Data - Logistics & Supply Chain
A2: Vendor Name | B2: Avg Lead Time (Days) | C2: On-Time Delivery (%) | D2: Price per unit (Rs) | E2: Quality score (1-10) | F2: Defect Rate (%)
A3: Atlas Super | B3: 5 | C3: 98 | D3: 150 | E3: 9 | F3: 6
A4: Doe John LLC | B4: 3 | C4: 92 | D4: 160 | E4: 7 | F4: 4
A5: Renshuke Cargo | B5: 8 | C5: 88 | D5: 175 | E5: 8 | F5: 10
A6: Rajan Enterprises | B6: 6 | C6: 95 | D6: 155 | E6: 9 | F6: 12
A7: OTC Traders | B7: 4 | C7: 85 | D7: 190 | E7: 7 | F7: 9

Sheet Weights & Normalization
A1: KPI Weights & Normalized Scores
A2: KPI Weight Configuration | E2: Simple Linear Scaling Normalization
A3: KPI | B3: Weight | C3: Direction | E3: KPI | F3: Atlas Super | G3: Doe John LLC | H3: Renshuke Cargo | I3: Rajan Enterprises | J3: OTC Traders
A4: Price per unit (Rs) | B4: 0.3 | C4: Lower = Better | E4: Price per unit (Rs) | F4: =MIN('Vendor Data'!$D$3:$D$7)/'Vendor Data'!D3 -> 1 | G4: =MIN('Vendor Data'!$D$3:$D$7)/'Vendor Data'!D4 -> 0.9375 | H4: =MIN('Vendor Data'!$D$3:$D$7)/'Vendor Data'!D5 -> 0.85714286 | I4: =MIN('Vendor Data'!$D$3:$D$7)/'Vendor Data'!D6 -> 0.96774194 | J4: =MIN('Vendor Data'!$D$3:$D$7)/'Vendor Data'!D7 -> 0.78947368
A5: On-Time Delivery (%) | B5: 0.25 | C5: Higher = Better | E5: On-Time Delivery (%) | F5: ='Vendor Data'!C3/MAX('Vendor Data'!$C$3:$C$7) -> 1 | G5: ='Vendor Data'!C4/MAX('Vendor Data'!$C$3:$C$7) -> 0.93877551 | H5: ='Vendor Data'!C5/MAX('Vendor Data'!$C$3:$C$7) -> 0.89795918 | I5: ='Vendor Data'!C6/MAX('Vendor Data'!$C$3:$C$7) -> 0.96938776 | J5: ='Vendor Data'!C7/MAX('Vendor Data'!$C$3:$C$7) -> 0.86734694
A6: Quality score (1-10) | B6: 0.2 | C6: Higher = Better | E6: Quality score (1-10) | F6: ='Vendor Data'!E3/MAX('Vendor Data'!$E$3:$E$7) -> 1 | G6: ='Vendor Data'!E4/MAX('Vendor Data'!$E$3:$E$7) -> 0.77777778 | H6: ='Vendor Data'!E5/MAX('Vendor Data'!$E$3:$E$7) -> 0.88888889 | I6: ='Vendor Data'!E6/MAX('Vendor Data'!$E$3:$E$7) -> 1 | J6: ='Vendor Data'!E7/MAX('Vendor Data'!$E$3:$E$7) -> 0.77777778
A7: Defect Rate (%) | B7: 0.15 | C7: Lower = Better | E7: Defect Rate (%) | F7: =MIN('Vendor Data'!$F$3:$F$7)/'Vendor Data'!F3 -> 0.66666667 | G7: =MIN('Vendor Data'!$F$3:$F$7)/'Vendor Data'!F4 -> 1 | H7: =MIN('Vendor Data'!$F$3:$F$7)/'Vendor Data'!F5 -> 0.4 | I7: =MIN('Vendor Data'!$F$3:$F$7)/'Vendor Data'!F6 -> 0.33333333 | J7: =MIN('Vendor Data'!$F$3:$F$7)/'Vendor Data'!F7 -> 0.44444444
A8: Avg Lead Time (Days) | B8: 0.1 | C8: Lower = Better | E8: Avg Lead Time (Days) | F8: =MIN('Vendor Data'!$B$3:$B$7)/'Vendor Data'!B3 -> 0.6 | G8: =MIN('Vendor Data'!$B$3:$B$7)/'Vendor Data'!B4 -> 1 | H8: =MIN('Vendor Data'!$B$3:$B$7)/'Vendor Data'!B5 -> 0.375 | I8: =MIN('Vendor Data'!$B$3:$B$7)/'Vendor Data'!B6 -> 0.5 | J8: =MIN('Vendor Data'!$B$3:$B$7)/'Vendor Data'!B7 -> 0.75
A9: TOTAL | B9: =SUM(B4:B8) -> 1

Sheet Weighted Scores & Ranking
A1: Weighted Scores & Vendor Ranking
A2: Vendor Name | B2: Price per unit (Rs) | C2: On-Time Delivery (%) | D2: Quality score (1-10) | E2: Defect Rate (%) | F2: Avg Lead Time (Days) | G2: Total Weighted score | H2: Score (%) | I2: Rank | J2: Decision
A3: Atlas Super | B3: ='Weights & Normalization'!F4*'Weights & Normalization'!$B$4 -> 0.3 | C3: ='Weights & Normalization'!F5*'Weights & Normalization'!$B$5 -> 0.25 | D3: ='Weights & Normalization'!F6*'Weights & Normalization'!$B$6 -> 0.2 | E3: ='Weights & Normalization'!F7*'Weights & Normalization'!$B$7 -> 0.1 | F3: ='Weights & Normalization'!F8*'Weights & Normalization'!$B$8 -> 0.06 | G3: =SUM(B3:F3) -> 0.91 | H3: =G3*100 -> 91 | I3: =_xlfn.RANK.EQ(H3,$H$3:$H$7) -> 2 | J3: =IF(I3=1,"Top Vendor",IF(I3<=3,"Acceptable","Review")) -> Acceptable
A4: Doe John LLC | B4: ='Weights & Normalization'!G4*'Weights & Normalization'!$B$4 -> 0.28125 | C4: ='Weights & Normalization'!G5*'Weights & Normalization'!$B$5 -> 0.23469388 | D4: ='Weights & Normalization'!G6*'Weights & Normalization'!$B$6 -> 0.15555556 | E4: ='Weights & Normalization'!G7*'Weights & Normalization'!$B$7 -> 0.15 | F4: ='Weights & Normalization'!G8*'Weights & Normalization'!$B$8 -> 0.1 | G4: =SUM(B4:F4) -> 0.92149943 | H4: =G4*100 -> 92.149943 | I4: =_xlfn.RANK.EQ(H4,$H$3:$H$7) -> 1 | J4: =IF(I4=1,"Top Vendor",IF(I4<=3,"Acceptable","Review")) -> Top Vendor
A5: Renshuke Cargo | B5: ='Weights & Normalization'!H4*'Weights & Normalization'!$B$4 -> 0.25714286 | C5: ='Weights & Normalization'!H5*'Weights & Normalization'!$B$5 -> 0.2244898 | D5: ='Weights & Normalization'!H6*'Weights & Normalization'!$B$6 -> 0.17777778 | E5: ='Weights & Normalization'!H7*'Weights & Normalization'!$B$7 -> 0.06 | F5: ='Weights & Normalization'!H8*'Weights & Normalization'!$B$8 -> 0.0375 | G5: =SUM(B5:F5) -> 0.75691043 | H5: =G5*100 -> 75.691043 | I5: =_xlfn.RANK.EQ(H5,$H$3:$H$7) -> 4 | J5: =IF(I5=1,"Top Vendor",IF(I5<=3,"Acceptable","Review")) -> Review
A6: Rajan Enterprises | B6: ='Weights & Normalization'!I4*'Weights & Normalization'!$B$4 -> 0.29032258 | C6: ='Weights & Normalization'!I5*'Weights & Normalization'!$B$5 -> 0.24234694 | D6: ='Weights & Normalization'!I6*'Weights & Normalization'!$B$6 -> 0.2 | E6: ='Weights & Normalization'!I7*'Weights & Normalization'!$B$7 -> 0.05 | F6: ='Weights & Normalization'!I8*'Weights & Normalization'!$B$8 -> 0.05 | G6: =SUM(B6:F6) -> 0.83266952 | H6: =G6*100 -> 83.266952 | I6: =_xlfn.RANK.EQ(H6,$H$3:$H$7) -> 3 | J6: =IF(I6=1,"Top Vendor",IF(I6<=3,"Acceptable","Review")) -> Acceptable
A7: OTC Traders | B7: ='Weights & Normalization'!J4*'Weights & Normalization'!$B$4 -> 0.23684211 | C7: ='Weights & Normalization'!J5*'Weights & Normalization'!$B$5 -> 0.21683673 | D7: ='Weights & Normalization'!J6*'Weights & Normalization'!$B$6 -> 0.15555556 | E7: ='Weights & Normalization'!J7*'Weights & Normalization'!$B$7 -> 0.066666667 | F7: ='Weights & Normalization'!J8*'Weights & Normalization'!$B$8 -> 0.075 | G7: =SUM(B7:F7) -> 0.75090106 | H7: =G7*100 -> 75.090106 | I7: =_xlfn.RANK.EQ(H7,$H$3:$H$7) -> 5 | J7: =IF(I7=1,"Top Vendor",IF(I7<=3,"Acceptable","Review")) -> Review

Sheet Dashboard
A1: Executive Summary
A2: Rank | B2: Vendor Name | C2: Total Score | D2: Score % | E2: Decision
A3: 1 | B3: =INDEX('Weighted Scores & Ranking'!$A$3:$A$7,MATCH(1,'Weighted Scores & Ranking'!$I$3:$I$7,0)) -> Doe John LLC | C3: =INDEX('Weighted Scores & Ranking'!$H$3:$H$7,MATCH(MATCH(A3,$A$3:$A$7,0),'Weighted Scores & Ranking'!$I$3:$I$7,0)) -> 92.149943 | D3: =INDEX('Weighted Scores & Ranking'!$H$3:$H$7,MATCH(MATCH(Dashboard!A3,Dashboard!$A$3:$A$7,0),'Weighted Scores & Ranking'!$I$3:$I$7,0)) -> 92.149943 | E3: =INDEX('Weighted Scores & Ranking'!$J$3:$J$7,MATCH(MATCH(Dashboard!A3,Dashboard!$A$3:$A$7,0),'Weighted Scores & Ranking'!$I$3:$I$7,0)) -> Top Vendor
A4: 2 | B4: =INDEX('Weighted Scores & Ranking'!$A$3:$A$7,MATCH(2,'Weighted Scores & Ranking'!$I$3:$I$7,0)) -> Atlas Super | C4: =INDEX('Weighted Scores & Ranking'!$H$3:$H$7,MATCH(MATCH(A4,$A$3:$A$7,0),'Weighted Scores & Ranking'!$I$3:$I$7,0)) -> 91 | D4: =INDEX('Weighted Scores & Ranking'!$H$3:$H$7,MATCH(MATCH(Dashboard!A4,Dashboard!$A$3:$A$7,0),'Weighted Scores & Ranking'!$I$3:$I$7,0)) -> 91 | E4: =INDEX('Weighted Scores & Ranking'!$J$3:$J$7,MATCH(MATCH(Dashboard!A4,Dashboard!$A$3:$A$7,0),'Weighted Scores & Ranking'!$I$3:$I$7,0)) -> Acceptable
A5: 3 | B5: =INDEX('Weighted Scores & Ranking'!$A$3:$A$7,MATCH(3,'Weighted Scores & Ranking'!$I$3:$I$7,0)) -> Rajan Enterprises | C5: =INDEX('Weighted Scores & Ranking'!$H$3:$H$7,MATCH(MATCH(A5,$A$3:$A$7,0),'Weighted Scores & Ranking'!$I$3:$I$7,0)) -> 83.266952 | D5: =INDEX('Weighted Scores & Ranking'!$H$3:$H$7,MATCH(MATCH(Dashboard!A5,Dashboard!$A$3:$A$7,0),'Weighted Scores & Ranking'!$I$3:$I$7,0)) -> 83.266952 | E5: =INDEX('Weighted Scores & Ranking'!$J$3:$J$7,MATCH(MATCH(Dashboard!A5,Dashboard!$A$3:$A$7,0),'Weighted Scores & Ranking'!$I$3:$I$7,0)) -> Acceptable
A6: 4 | B6: =INDEX('Weighted Scores & Ranking'!$A$3:$A$7,MATCH(4,'Weighted Scores & Ranking'!$I$3:$I$7,0)) -> Renshuke Cargo | C6: =INDEX('Weighted Scores & Ranking'!$H$3:$H$7,MATCH(MATCH(A6,$A$3:$A$7,0),'Weighted Scores & Ranking'!$I$3:$I$7,0)) -> 75.691043 | D6: =INDEX('Weighted Scores & Ranking'!$H$3:$H$7,MATCH(MATCH(Dashboard!A6,Dashboard!$A$3:$A$7,0),'Weighted Scores & Ranking'!$I$3:$I$7,0)) -> 75.691043 | E6: =INDEX('Weighted Scores & Ranking'!$J$3:$J$7,MATCH(MATCH(Dashboard!A6,Dashboard!$A$3:$A$7,0),'Weighted Scores & Ranking'!$I$3:$I$7,0)) -> Review
A7: 5 | B7: =INDEX('Weighted Scores & Ranking'!$A$3:$A$7,MATCH(5,'Weighted Scores & Ranking'!$I$3:$I$7,0)) -> OTC Traders | C7: =INDEX('Weighted Scores & Ranking'!$H$3:$H$7,MATCH(MATCH(A7,$A$3:$A$7,0),'Weighted Scores & Ranking'!$I$3:$I$7,0)) -> 75.090106 | D7: =INDEX('Weighted Scores & Ranking'!$H$3:$H$7,MATCH(MATCH(Dashboard!A7,Dashboard!$A$3:$A$7,0),'Weighted Scores & Ranking'!$I$3:$I$7,0)) -> 75.090106 | E7: =INDEX('Weighted Scores & Ranking'!$J$3:$J$7,MATCH(MATCH(Dashboard!A7,Dashboard!$A$3:$A$7,0),'Weighted Scores & Ranking'!$I$3:$I$7,0)) -> Review
C10: Chart Data | H10: kpi | I10: Top2_V1 | J10: Top2_V2
C11: Atlas Super | D11: ='Weighted Scores & Ranking'!G3 -> 0.91 | H11: Price per unit (Rs) | I11: ='Weights & Normalization'!G4 -> 0.9375 | J11: ='Weights & Normalization'!F4 -> 1
C12: Doe John LLC | D12: ='Weighted Scores & Ranking'!G4 -> 0.92149943 | H12: On-Time Delivery (%) | I12: ='Weights & Normalization'!G5 -> 0.93877551 | J12: ='Weights & Normalization'!F5 -> 1
C13: Renshuke Cargo | D13: ='Weighted Scores & Ranking'!G5 -> 0.75691043 | H13: Quality score (1-10) | I13: ='Weights & Normalization'!G6 -> 0.77777778 | J13: ='Weights & Normalization'!F6 -> 1
C14: Rajan Enterprises | D14: ='Weighted Scores & Ranking'!G6 -> 0.83266952 | H14: Defect Rate (%) | I14: ='Weights & Normalization'!G7 -> 1 | J14: ='Weights & Normalization'!F7 -> 0.66666667
C15: OTC Traders | D15: ='Weighted Scores & Ranking'!G7 -> 0.75090106 | H15: Avg Lead Time (Days) | I15: ='Weights & Normalization'!G8 -> 1 | J15: ='Weights & Normalization'!F8 -> 0.6
